{
  "feature_names": [
    "volatility",
    "momentum_5d",
    "momentum_20d",
    "max_drawdown",
    "rsi",
    "volume_ratio"
  ],
  "lookback_days": 60,
  "metrics": {
    "mse": 0.00031522364137047463,
    "rmse": 0.01775453861328068,
    "validation_samples": 461
  },
  "model": {
    "coefficients": [
      0.007788339967583806,
      -0.0008261252299325492,
      -0.004957093193472848,
      0.04501217965261099,
      -0.002507549761315883,
      0.0015505760155442396
    ],
    "feature_means": [
      0.23577435015387818,
      -0.00019122062925400112,
      -0.00023269401113751195,
      0.12334141840766306,
      48.44856456883408,
      1.0004421954103746
    ],
    "feature_stds": [
      0.02141298903270299,
      0.006692248865971575,
      0.0032606708174586045,
      0.05061576616513202,
      16.15736248767219,
      0.37879811049108675
    ],
    "intercept": 0.3742232686328002
  },
  "trained_at": "2025-09-15T22:29:24.538399",
  "training_symbols": [
    "AAPL",
    "MSFT",
    "GOOGL",
    "AMZN",
    "TSLA"
  ]
}
