{
  "feature_names": [
    "volatility",
    "momentum_5d",
    "momentum_20d",
    "max_drawdown",
    "rsi",
    "volume_ratio"
  ],
  "lookback_days": 60,
  "metrics": {
    "mae": 0.013755495368550986,
    "mse": 0.00026214148117107463,
    "r2": 0.9269843163980991,
    "rmse": 0.016190783834363134,
    "training_samples": 2136,
    "validation_samples": 534
  },
  "model": {
    "coefficients": [
      0.011625675416880586,
      0.0006286101983412409,
      -0.00922723873507057,
      0.048980198241754216,
      -0.0012073033904676093,
      0.0006234792593943338
    ],
    "feature_means": [
      0.3125088843474163,
      0.00022320242337854805,
      0.00024161535198920678,
      0.15076099084182382,
      50.07814383507891,
      0.9983031948660331
    ],
    "feature_stds": [
      0.025851705547635617,
      0.008985076872169803,
      0.004339483296494697,
      0.05715669360208772,
      16.49316189547453,
      0.3006171487181367
    ],
    "intercept": 0.4295061460375082
  },
  "trained_at": "2025-09-15T23:46:00Z",
  "training_symbols": [
    "AAPL",
    "MSFT",
    "GOOGL",
    "AMZN",
    "TSLA"
  ]
}